mcc_code,description,bill,merchant
0742,Veterinary Services,,1
0763,Agricultural Cooperatives,,1
0780,Landscaping and Horticultural Services,,1
1520,General Contractor/Residential Building,,1
1711,"Heating, Plumbing, Air Conditioning Contractors",,1
1731,Electrical Contractors,,1
1740,"Masonry, Stonework, Tile Setting, Plastering, Insulation Contractors",,1
1750,Carpentry,,1
1761,"Roof, Siding, and Sheet Metal Work Contractors",,1
1771,"Contractors, Concrete",,1
1799,Special Trade Contractor - Not Elsewhere Classified,,1
2741,Miscellaneous Publishing and Printing Services,,1
2791,"Typesetting, Plate Making and Related Services (Business to Business MCC)",,1
2842,"Specialty Cleaning, Polishing and Sanitation Preparations (Business to Business MCC)",,1
3000,United Airlines?,,1
3001,American Airlines?,,1
3002,Pan American,,1
3003,Eurofly Airlines,,1
3004,Dragon Airlines,,1
3005,British Airways?,,1
3006,Japan Air Lines?,,1
3007,Air France,,1
3008,Lufthansa,,1
3009,Air Canada,,1
3010,KLM,,1
3011,AeroFlot,,1
3012,Qantas,,1
3013,Alitalia,,1
3014,Saudi Arabian Airlines,,1
3015,SWISS,,1
3016,SAS,,1
3017,South African Airway?,,1
3018,Varig (Brazil),,1
3020,Air India,,1
3021,Air Algerie,,1
3022,PAL AIR,,1
3023,Mexicana,,1
3024,Pakistan International,,1
3025,Air New Zealand Ltd.?,,1
3026,Emirates Airlines,,1
3027,UTA/InterAir,,1
3028,Air Malta,,1
3029,SN Brussels Airlines - SN BRUSSELS,,1
3030,Aerolineas Argentinas?,,1
3031,Olympic Airways,,1
3032,El Al,,1
3033,Ansett Airlines?,,1
3034,ETIHADAIR,,1
3035,TAP (Portugal)?,,1
3036,VASP (Brazil),,1
3037,EgyptAir,,1
3038,Kuwait Airways?,,1
3039,Avianca,,1
3040,GulfAir (Bahrain)?,,1
3041,Balkan-Bulgarian?,,1
3042,FinnAir,,1
3043,Aer Lingus,,1
3044,Air Lanka,,1
3045,Nigeria Airways?,,1
3046,Cruzeiro do Sul (Bra),,1
3047,THY (Turkey),,1
3048,Royal Air Maroc?,,1
3049,Tunis Air,,1
3050,Icelandair,,1
3051,Austrian Airlines?,,1
3052,LANAIR,,1
3053,AVIACO (Spain)?,,1
3054,Ladeco (Chile)?,,1
3055,LAB (Bolivia)?,,1
3056,JetAir,,1
3057,Virgin America 每 VIR AMER,,1
3058,Delta,,1
3059,DBA Airlines-DBA AIR,,1
3060,NWA Air,,1
3061,Continental,,1
3062,Hapag-Lloyd Express - HLX,,1
3063,US Airways,,1
3064,Adria Airways,,1
3065,Airinter (AirInternational),,1
3066,Southwest,,1
3068,AIR STANA,,1
3069,Sun Country Air,,1
3070,Pacific Southwest Airlines (PSA),,1
3071,Air British Columbia?,,1
3072,CEBU PAC,,1
3073,Air Cal,,1
3075,Singapore Airlines,,1
3076,Aeromexico,,1
3077,Thai Airways,,1
3078,China Airlines,,1
3079,Jetstar Airways - Jetstar,,1
3082,Korean Airlines,,1
3083,Air Afrique,,1
3084,Eva Airlines,,1
3085,"Midwest Express Airlines, Inc",,1
3087,Metro Airlines,,1
3089,Tans Saero,,1
3090,Uni Airways,,1
3094,Zambia Airways,,1
3096,Air Zimbabwe,,1
3097,Spanair (abbreviation: SPANAIR),,1
3098,Asiana Airlines,,1
3099,Cathay Pacific,,1
3100,Malaysian Airline Sys,,1
3102,Iberia,,1
3103,Garuda (Indonesia),,1
3105,Piedmont,,1
3106,Braathens S.A.F.E. (Norway)?,,1
3111,British Midland,,1
3112,Windward Island,,1
3117,Venezolana Int de Aviacion?,,1
3125,Tan Airlines,,1
3127,Taca International,,1
3129,Surinam Airways,,1
3130,Sunworld International Airways,,1
3131,VLM Air,,1
3132,Frontier Airlines,,1
3135,Sudan Airlines,,1
3136,Qatar Air,,1
3141,Seair Alaska,,1
3144,Virgin Atlantic,,1
3146,Luxair,,1
3148,Air Littoral SA,,1
3151,Air Laire,,1
3156,Go Fly,,1
3159,PBA-Provincetwn-Bstn Air,,1
3161,All Nippon Airways?,,1
3164,Norontair,,1
3167,Aero Continente - AEROCONTINENTE,,1
3171,Canadian Airlines?,,1
3172,Nation Air,,1
3174,JetBlue Airways,,1
3175,Middle East Air,,1
3177,AirTran Airways,,1
3178,Mesa Air,,1
3180,Westjet Airlines-WESTJET,,1
3181,Malev Hungarian Airlines,,1
3182,LOT (Poland),,1
3183,Oman Aviation - OMAN AIR,,1
3184,LIAT,,1
3185,LAV (Venezuela),,1
3186,LAP (Paraguay),,1
3187,LACSA (Costa Rica)?,,1
3188,Virgin Express - VIR EXP,,1
3190,Jugoslav Air,,1
3191,Island Airlines,,1
3193,Indian Airlines,,1
3195,Holiday Airlines,,1
3196,Hawaiian Air,,1
3197,Havasu Airlines,,1
3198,Harbor Airlines,,1
3199,Servicios Aereos Militares,,1
3200,Guyana Airways,,1
3204,Freedom Airlines,,1
3206,China Eastern Airlines (Abbr: China East Air),,1
3207,Empresa Ecuatoriana,,1
3211,Norwegian Air Shuttle - NORWEGIANAIR,,1
3212,Dominicana de Aviacion,,1
3213,Malmo Aviation - MALMO AV,,1
3217,CSA-Ceskoslovenske Aeroln,,1
3219,Copa,,1
3220,Compania Faucett,,1
3221,Transportes Aeros Mil?,,1
3222,Command Airways,,1
3223,Comair,,1
3226,Skyways? Air- SKYWAYS,,1
3228,Cayman Airways,,1
3229,SAETA,,1
3231,SAHSA,,1
3234,CARIBAIR,,1
3236,Air Arabia Airlines - Air Arab,,1
3239,Bar Harbor Airlines?,,1
3240,Bahamasair,,1
3241,Aviateca (Guatemala)?,,1
3242,Avensa,,1
3243,Austrian Air Service?,,1
3245,Easy Jet - EASYJET,,1
3246,Ryan Air - RYANAIR,,1
3247,Gol Airlines - GOL,,1
3248,Tam Airlines - TAM,,1
3252,ALM-Antilean Airlines,,1
3256,Alaska Airlines Inc.,,1
3260,Spirit Airlines - SPIRIT,,1
3261,Air China,,1
3263,Aero Servicio Carabobo,,1
3266,Air Seychelles,,1
3267,Air Panama International?,,1
3268,Air Pacific,,1
3275,Air Nevada,,1
3276,Air Midwest,,1
3277,Air Madagascar,,1
3279,Air LA,,1
3280,Air Jamaica,,1
3282,Air Djibouti,,1
3285,AeroPeru,,1
3286,Aero Nicaraguensis,,1
3287,Aero Coach Aviation,,1
3291,Ariana Afghan,,1
3292,Cyprus Airways,,1
3293,Ecuatoriana,,1
3294,Ethiopian Airlines,,1
3295,Kenya Airways,,1
3296,Air Berlin-AIRBERLIN,,1
3297,Tarom Romanian Air Transport,,1
3298,Air Mauritius,,1
3299,Wideroe's Flyveselskap,,1
3351,Affiliated Auto Rental,,1
3352,American International,,1
3353,Brooks Rent a Car?,,1
3354,Action Auto Rental?,,1
3355,SIXT Car Rental,,1
3357,Hertz,,1
3359,Payless Car Rental?,,1
3360,Snappy Car Rental?,,1
3361,Airways Rent a Car?,,1
3362,Altra Auto Rental?,,1
3364,Agency Rent a Car?,,1
3366,Budget Rent a Car?,,1
3368,Holiday R-A-C,,1
3370,Rent-a-Wreck,,1
3374,Accent Rent-A-Car,,1
3376,Ajax R-A-C,,1
3380,Triangle Rent a Car?,,1
3381,Europ Car,,1
3385,Tropical R-A-C?,,1
3386,Showcase Rental Cars,,1
3387,Alamo Rent a Car?,,1
3388,"Merchants Rent-A-Car, Inc",,1
3389,Avis R-A-C,,1
3390,Dollar R-A-C,,1
3391,Europe by Car?,,1
3393,National Car Rental?,,1
3394,Kemwell Group R-A-C?,,1
3395,Thrify Car Rental?,,1
3396,Tilden R-A-C,,1
3398,Econo Car R-A-C?,,1
3400,Auto Host Car Rentals,,1
3405,Enterprise R-A-C?,,1
3409,General Rent-a-Car?,,1
3412,A-1 R-A-C,,1
3420,ANSA International?,,1
3421,Allstate Rent-a-Car?,,1
3423,Avcar Rent-a-Car?,,1
3425,Automate Rent-a-Car?,,1
3427,Avon Rent-a-Car?,,1
3428,Carey Rent-a-Car,,1
3429,Insurance Rent-a-Car?,,1
3430,Major Rent-a-Car?,,1
3431,Replacement Rent-a-Car,,1
3432,Reserve Rent-a-Car?,,1
3433,Ugly Duckling R-A-C?,,1
3434,USA Rent-a-Car?,,1
3435,Value Rent-a-Car?,,1
3436,Autohansa Rent-a-Car?,,1
3438,Interenet Rent-a-Car?,,1
3439,Millville Rent-a-Car,,1
3441,Advantage Rent A Car,,1
3501,Holiday Inns,,1
3502,Best Western Hotels?,,1
3503,Sheraton,,1
3504,Hilton,,1
3505,Forte Hotels,,1
3506,Golden Tulip Hotels?,,1
3507,Friendship Inns,,1
3508,Quality Inns,,1
3509,Marriott,,1
3510,Days Inn Colonial Resort,,1
3511,Arabella Hotels,,1
3512,Intercontinental Hotels,,1
3513,Westin,,1
3514,Amerisuites,,1
3515,Rodeway Inn,,1
3516,LaQuinta Motor Inns,,1
3517,Americana Hotels,,1
3518,Sol Hotels,,1
3519,Pullman International Hotels,,1
3520,Meridien Hotels,,1
3521,Royal Lahaina Resort,,1
3522,Tokyo Group,,1
3523,Peninsula Hotels,,1
3524,WelcomGroup Hotels,,1
3525,Dunfey Hotels,,1
3526,Prince Hotels,,1
3527,Downtowner Passport,,1
3528,Red Lion Inns,,1
3529,CP (Canadian Pacific)?,,1
3530,Renaissance Hotels,,1
3531,Kauai Coconut Beach Resort,,1
3532,Royal Kona Resort,,1
3533,Hotel Ibis,,1
3534,Southern Pacific,,1
3535,Hilton International?,,1
3536,AMFAC Hotels,,1
3537,ANA Hotels,,1
3538,Concorde Hotels,,1
3539,Summerfield Suites Hotel,,1
3540,Iberotel Hotels,,1
3541,Hotel Okura,,1
3542,Royal Hotels,,1
3543,Four Seasons,,1
3544,Cigna Hotels,,1
3545,Shangri-La International,,1
3546,Hotel Sierra,,1
3548,Hotels Melia,,1
3549,Auberge des Governeurs,,1
3550,Regal 8 Inns,,1
3551,Mirage Hotel and Casino,,1
3552,Coast Hotel,,1
3553,Park Inn by Radisson,,1
3554,Pinehurst Resort,,1
3555,Treasure Island Hotel and Casino,,1
3556,Barton Creek Resort,,1
3557,Manhattan East Suite Hotels,,1
3558,Jolly Hotels,,1
3559,Candlewood Suites,,1
3560,Aladdin Resort and Casino,,1
3561,Golden Nugget,,1
3562,Comfort Inns,,1
3563,Journey's End Motels,,1
3564,Sam's Town Hotel and Casino?,,1
3565,Relax Inns,,1
3566,Garden Place Hotel,,1
3567,Soho Grand Hotel,,1
3568,Ladbroke Hotels,,1
3569,Tribeca Grand Hotel,,1
3570,Forum Hotels,,1
3571,Grand Wailea Resort,,1
3572,Miyako Hotel,,1
3573,Sandman Hotels,,1
3574,Venture Inn,,1
3575,Vagabond Hotels,,1
3576,La Quinta Resort,,1
3577,Mandarin Oriental Hotel?,,1
3578,Frankenmuth Bavarian,,1
3579,Hotel Mercure,,1
3580,Hotel Del Coronado,,1
3581,Delta Hotels,,1
3582,California Hotel and Casino?,,1
3583,Radisson BLU,,1
3584,Princess Hotels International,,1
3585,Hungar Hotels,,1
3586,Sokos Hotels,,1
3587,Doral Hotels,,1
3588,Helmsley Hotels,,1
3589,Doral Golf Resort,,1
3590,Fairmont Hotel,,1
3591,Sonesta Hotels,,1
3592,Omni Hotels,,1
3593,Cunard Hotels,,1
3594,Arizona Biltmore,,1
3595,Hospitality Inns,,1
3596,Wynn Las Vegas,,1
3597,Riverside Resort and Casino,,1
3598,Regent International Hotels,,1
3599,Pannonia Hotels,,1
3600,Saddlebrook Resort - Tampa,,1
3601,Trade Winds Resorts,,1
3602,Hudson Hotel,,1
3603,Noah's Hotel,,1
3604,Hilton Garden Inn,,1
3605,Jurys Doyle Hotel Group,,1
3606,Jefferson Hotel,,1
3607,Fountainebleau Resort,,1
3608,Gaylord Opryland,,1
3609,Gaylord Palms,,1
3610,Gaylord Texan,,1
3611,C MON INN,,1
3612,Movenpick Hotels,,1
3613,Microtel Inns & Suites,,1
3614,Americinn,,1
3615,Travelodge Motels,,1
3617,America's Best Value Inn,,1
3618,Great Wolf,,1
3619,Aloft,,1
3620,Binion's Horseshoe Club?,,1
3621,Extended Stay,,1
3622,Merlin Hotel,,1
3623,Dorint Hotels,,1
3624,Lady Luck Hotel and Casino,,1
3625,Hotel Universale,,1
3626,Studio Plus,,1
3627,Extended Stay America,,1
3628,Excalibur Hotel and Casino,,1
3629,Dan Hotels,,1
3630,Extended Stay Deluxe,,1
3631,Sleep Inn,,1
3632,The Phoenician,,1
3633,Rank Hotels,,1
3634,Swissotel,,1
3635,Reso Hotel,,1
3636,Sarova Hotels,,1
3637,Ramada Inns,,1
3638,Howard Johnson,,1
3639,Mount Charlotte Thistle?,,1
3640,Hyatt Motels,,1
3641,Sofitel Hotels?,,1
3642,Novotel,,1
3643,Steigenberger Hotels?,,1
3644,EconoLodges,,1
3645,Queens Moat Houses?,,1
3646,Swallow Hotels?,,1
3647,Husa Hotels,,1
3648,De Vere Hotels?,,1
3649,Radisson,,1
3650,Red Roof Inns,,1
3651,Imperial London Hotel,,1
3652,Embassy Hotels?,,1
3653,Penta Hotels,,1
3654,Loews Hotels,,1
3655,Scandic Hotels,,1
3656,Sara Hotels,,1
3657,Oberoi Hotels,,1
3658,New Otani Hotels,,1
3659,Taj Hotels International?,,1
3660,Knights Inn,,1
3661,Metropole Hotels,,1
3662,Circus Circus Hotel and Casino,,1
3663,Hoteles El Presidente,,1
3664,Flag Inns,,1
3665,Hampton Inn Hotels,,1
3666,Stakis Hotels,,1
3667,Luxor Hotel and Casino,,1
3668,Maritim Hotels,,1
3669,Eldorado Hotel and Casino,,1
3670,Arcade Hotels,,1
3671,Arctia Hotels,,1
3672,Campanile Hotels,,1
3673,IBUSZ Hotels,,1
3674,Rantasipi Hotels,,1
3675,Interhotel CEDOK,,1
3676,Monte Carlo Hotel and Casino?,,1
3677,Climat de France Hotels?,,1
3678,Cumulus Hotels,,1
3679,Silver Legacy Hotel and Casino,,1
3680,Hoteis Othan,,1
3681,Adams Mark Hotels,,1
3682,Sahara Hotel and Casino,,1
3683,Bradbury Suites,,1
3684,Budget Hosts Inns?,,1
3685,Budgetel Hotels,,1
3686,Suisse Chalet,,1
3687,Clarion Hotels,,1
3688,Compri Hotels,,1
3689,Consort Hotels,,1
3690,Courtyard Inns,,1
3691,Dillon Inn,,1
3692,Doubletree,,1
3693,Drury Inn,,1
3694,Economy Inns of America?,,1
3695,Embassy Suites,,1
3696,Excel Inn,,1
3697,Fairfield Hotels,,1
3698,Harley Hotels,,1
3699,Midway Motor Lodge,,1
3700,Motel 6,,1
3701,La Mansion Del Rio,,1
3702,The Registry Hotels,,1
3703,Residence Inn,,1
3704,Royce Hotels,,1
3705,Sandman Inn,,1
3706,Shilo Inn,,1
3707,Shoney's Inn,,1
3708,Virgin River Hotel and Casino,,1
3709,Super 8 Motels,,1
3710,The Ritz Carlton Hotels,,1
3711,Flag Inns (Australia),,1
3712,Buffalo Bill's Hotel and Casino,,1
3713,Quality Pacific Hotel,,1
3714,Four Seasons Hotels-Austr,,1
3715,Fairfield Inn,,1
3716,Carlton Hotels,,1
3717,City Lodge Hotels,,1
3718,Karos Hotels,,1
3719,Protea Hotels,,1
3720,Southern Sun Hotels,,1
3721,Hilton Conrad Hotels,,1
3722,Wyndham Hotels,,1
3723,Rica Hotels,,1
3724,Inter Nor Hotels,,1
3725,SeaPines Plantation,,1
3726,Rio Suites,,1
3727,Broadmoor Hotel,,1
3728,Bally's Hotel and Casino,,1
3729,John Ascuaga's Nugget,,1
3730,MGM Grand Hotel,,1
3731,Harrah's Hotels and Casinos,,1
3732,Opryland Hotel,,1
3734,Harvey/Bristol Hotels,,1
3735,Master Economy Inns,,1
3736,Colorado Belle/Edgewater Resort,,1
3737,Riviera Hotel and Casino,,1
3738,Tropicana Resort & Casino,,1
3739,Woodside Hotels & Resorts,,1
3740,Towneplace Suites,,1
3741,Millennium Hotel,,1
3744,Carefree Resorts,,1
3745,St. Regis Hotel,,1
3746,The Eliot Hotel,,1
3747,ClubCorp/ClubResorts?,,1
3748,Wellesley Inns,,1
3749,The Beverly Hills Hotel?,,1
3750,Crown Plaza Hotels,,1
3751,Homewood Suites,,1
3752,Peabody Hotels,,1
3753,Greenbriar Resorts?,,1
3754,Amelia Island Plantation,,1
3755,The Homestead,,1
3757,Canyon Ranch,,1
3758,Kahala Mandarion Oriental Hotel,,1
3759,The Orchid at Mauna Lani?,,1
3760,Halekulani Hotel/Waikiki Parc?,,1
3761,Primadonna Hotel and Casino?,,1
3762,Whisky Pete's Hotel and Casino?,,1
3763,Chateau Elan Winery and Resort?,,1
3764,Beau Rivage Hotel and Casino?,,1
3765,Bellagio,,1
3766,Fremont Hotel and Casino?,,1
3767,Main Street Hotel and Casino?,,1
3768,Silver Star Hotel and Casino?,,1
3769,Stratosphere Hotel and Casino,,1
3770,SpringHill Suites,,1
3771,Caesar's Resort,,1
3772,Nemacolin Woodlands,,1
3773,The Venetian Resort Hotel and Casino?,,1
3774,New York-New York Hotel and Casino,,1
3775,Sands Resort,,1
3776,Nevele Grande Resort and Country Club,,1
3777,Mandalay Bay Resort,,1
3778,Four Points Hotels,,1
3779,W Hotels,,1
3780,Disney Resorts,,1
3781,Patricia Grand Resort Hotels,,1
3782,Rosen Hotels & Resort,,1
3783,Town and Country Resort and Convention Center,,1
3784,First Hospitality Hotel,,1
3785,Outrigger Hotels and Resorts,,1
3786,Ohana Hotel of Hawaii,,1
3787,Caribe Royale Resort Suites & Villas,,1
3788,Ala Moana Hotel / Ala Moana Hotels,,1
3789,Smugglers' Notch Resort,,1
3790,Raffles Hotels,,1
3791,Staybridge Suites,,1
3792,Claridge Casino Hotel,,1
3793,The Flamingo Hotels,,1
3794,Grand Casino Hotels,,1
3795,Paris Las Vegas Hotel,,1
3796,Peppermill Hotel Casino,,1
3797,Atlantic City Hilton,,1
3798,Embassy Vacation Resort,,1
3799,Hale Koa Hotel,,1
3800,Homestead,,1
3801,Wilderness Hotel and Golf Resort,,1
3802,The Palace Hotel,,1
3807,Element,,1
3808,LXR?,,1
3810,La Costa Resort,,1
3811,Premier Travel Inn,,1
3812,Hyatt Place,,1
3813,Hotel Indigo,,1
3814,The Roosevelt Hotel NY,,1
3815,Holiday Inn Nickelodeon,,1
3816,Home2 Suites ,,1
3817,Affinia,,1
3818,Mainstay Suites,,1
3819,Oxford Suites,,1
3820,Jumeirah Essex House,,1
3821,Caribe Royale,,1
3822,Crossland,,1
3823,Grand Sierra Resort,,1
3824,Aria,,1
3825,Vdara,,1
3826,Autograph?,,1
3827,Galt House,,1
3828,Cosmopolitan of Las Vegas,,1
3829,Country Inn by Carlson,,1
3830,Park Plaza Hotel,,1
3831,Waldorf,,1
4011,Railroads,,1
4111,"Local and Suburban Commuter Passenger Transportation, including Ferries",,1
4112,Passenger Rail (train),,1
4119,Ambulance Services,,1
4121,Taxicabs and Limousines,,
4131,"Bus Lines, includes Charters/Tour Buses",,1
4214,"Motor Freight Carriers and Trucking-Local and Long Distance, Moving & Storage Companies, and Local Delivery",,1
4215,"Courier Services-Air and Ground, and Freight Forwarders?",,1
4225,"Public Warehousing-Farm products, Refrigerated Goods, Household Goods, and Storage",,1
4411,Steamship and Cruise Lines,,1
4457,Boat Rentals and Leasing,,1
4468,"Marinas, Marine Service, and Supplies",,1
4511,Airlines and Air Carriers,,1
4582,"Airports, Flying Fields, and Airport Terminals?",,1
4722,Travel Agencies,,1
4723,Package Tour Operators (Germany Only),,1
4761,Telemarketing of Travel Related Services and Vitamins,,1
4784,"Bridge and Road Fees, Tolls",,
4789,Transportation Services-not elsewhere classified,,1
4812,Telecommunication Equipment and Telephone Sales?,,1
4813,Special Telecom Merchant,,1
4814,"Telecommunication Services, Including Local and Long Distance Calls, Credit Card Calls, Call Through Use of Magnetic-Strip-Reading Telephones, and Fax Services?",,1
4815,Monthly Summary Telephone Charges,,1
4816,"Computer Network/Information Services and other Online Services such as electronic bulletin board, e-mail, web site hosting services, or Internet access",,1
4821,Telegraph Services,,1
4829,Quasi Cash - Money Transfer,,1
4899,"Cable, Satellite, and Other Pay Television and Radio Services",1,1
4900,"Utilities-Electric, Gas, Water, and Sanitary",1,1
5013,Motor Vehicle Supplies and New Parts (Business to Business MCC),,1
5021,Office Furniture (Business to Business MCC),,1
5039,Construction Materials Not Elsewhere Classified (Business to Business MCC),,1
5044,"Photographic, Photocopy, Microfilm Equipment and Supplies (Business to Business MCC)",,1
5045,"Computers, Computer Peripheral Equipment, and Software?",,1
5046,Commercial Equipment Not Elsewhere Classified (Business to Business MCC),,1
5047,Dental/Laboratory/Medical/Ophthalmic Hospital Equipment and Supplies,,1
5051,Metal Service Centers and Offices (Business to Business MCC),,1
5065,Electrical Parts and Equipment (Business to Business MCC)?,,1
5072,"Hardware, Plumbing, Heat Equipment and Supplies (Business to Business MCC)",,1
5074,Plumbing and Heating Equipment and Supplies (Business to Business MCC),,1
5085,Industrial Supplies Not Elsewhere Classified (Business to Business MCC),,1
5094,"Precious Stones, Metals, Watches and Jewelry (Business to Business MCC)",,1
5099,Durable Goods Not Elsewhere Classified (Business to Business MCC),,1
5111,"Stationery, Office Supplies, and Printing and Writing Paper",,1
5122,"Drugs, Drug Proprietary's, and Druggists' Sundries",,1
5131,"Piece Goods, Notions and Other Dry Goods (Business to Business MCC)",,1
5137,"Men's, Women's and Children's Uniforms (Business to Business MCC)",,1
5139,Commercial Footwear (Business to Business MCC),,1
5169,Chemicals and Allied Products Not Elsewhere Classified (Business to Business MCC),,1
5172,Petroleum and Products (Business to Business MCC),,1
5192,"Books, Periodicals and Newspapers (Business to Business MCC)",,1
5193,"Florist Suppliers, Nursery Stock & Flowers (Business to Business MCC)",,1
5198,"Paints, Varnishes and Supplies (Business to Business MCC)",,1
5199,Non-durable Goods Not Elsewhere Classified (Business to Business MCC),,1
5200,Home Supply Warehouse,,1
5211,Lumber & Building Materials Stores,,1
5231,"Glass, Paint, and Wallpaper Stores",,1
5251,"Hardware Stores, Equipment Utilities Regulated",,1
5261,Nurseries and Lawn and Garden Supply Stores?,,1
5271,Mobile Home Dealer,,1
5300,Wholesale Club with or without membership fee?,,
5309,Duty Free Stores,,1
5310,Discount Store,,1
5311,Department Stores,,1
5331,Variety Stores,,1
5399,Miscellaneous General Merchandise,,1
5411,Grocery Stores and Supermarkets,,1
5422,Freezer & Locker Meat Provisions,,1
5441,"Candy, Nut, and Confectionary Stores",,1
5451,Dairy Product Stores,,1
5462,Bakeries,,1
5499,Miscellaneous Food Stores-Convenience Stores and Specialty Markets,,1
5511,"Car and Truck Dealers (New and Used)- Sales, Service, Repairs, Parts, and Leasing",,1
5521,"Car and Truck Dealers (Used)- Sales, Service, Repairs, Parts, and Leasing",,1
5532,Automotive Tire Stores,,1
5531,Auto and Home Supply Stores,,1
5533,Automotive Parts and Accessories Stores,,1
5541,Service Stations (with or without Ancillary Services),,1
5542,Automated Fuel Dispensers,,1
5551,Boat Dealers,,1
5561,"Camper, Recreational and Utility Trailer Dealers",,1
5571,Motorcycle Dealers,,1
5592,Motor Home Dealers,,1
5598,Snowmobile Dealers,,1
5599,"Miscellaneous Automotive, Aircraft, and Farm Equipment Dealers --Not Elsewhere Classified",,1
5611,Men's & Boys' Clothing and Accessory Stores?,,1
5621,Women's Ready-to-Wear Stores,,1
5631,Women's Accessory and Specialty Stores,,1
5641,Children's and Infants' Wear Stores,,1
5651,Family Clothing Stores,,1
5655,Sports and Riding Apparel Stores,,1
5661,Shoe Stores,,1
5681,Furriers & Fur Shops,,1
5691,Men's and Women's Clothing Stores,,1
5697,"Tailors, Seamstresses, Mending, Alterations?",,1
5698,Wig & Toupee Shops,,1
5699,Miscellaneous Apparel and Accessory Stores,,1
5712,"Furniture, Home Furnishings, and Equipment Stores, except Appliances",,1
5713,"Floor coverings, Rugs",,1
5714,"Drapery, Window Covering, and Upholstery Stores",,1
5718,"Fireplaces, Fireplace Screens and Accessories Stores?",,1
5719,Miscellaneous Home Furnishing Specialty Stores,,1
5722,Household Appliance Stores,,1
5732,Electronics Stores,,1
5733,"Music Stores-Musical Instruments, Pianos, and Sheet Music",,1
5734,Computer Software Stores,,1
5735,Record Stores,,1
5811,Caterers - Prepare & Delivery,,1
5812,Eating Places and Restaurants,,1
5813,"Drinking Places (Alcoholic Beverages) - Bars, Taverns, Nightclubs, Cocktail Lounges, and Discotheques",,1
5814,Quick Payment Service-Fast Food Restaurants,,1
5815,"Digital Goods 每 Media, Books, Movies, Music  ",,1
5816,Digital Goods 每 Games  ,,1
5817,Digital Goods 每 Applications (Excludes Games)  ,,1
5818,Large Digital Goods Merchant  ,,1
5912,Drug Stores and Pharmacies,,1
5921,"Package Stores--Beer, Wine, and Liquor",,1
5931,Used Merchandise and Secondhand Stores,,1
5932,Antique Shop,,1
5933,Pawn Shop,,1
5935,Wrecking and Salvage Yards,,1
5937,Antique Reproduction Stores,,1
5940,Bicycle Shop-Sales and Services,,1
5941,Sporting Goods Stores,,1
5942,Book Stores,,1
5943,"Stationery, Office and School Supply Stores",,1
5944,"Jewelry, Watch, Clock, and Silverware Stores",,1
5945,"Hobby, Toy and Game Stores",,1
5946,Camera and Photographic Supply Stores,,1
5947,"Gift, Card, Novelty, and Souvenir Stores",,1
5948,Luggage and Leather Goods Stores,,1
5949,"Sewing, Needlework, Fabric, and Piece Good Stores?",,1
5950,Glassware and Crystal Stores,,1
5960,Direct Marketing Insurance Services,,1
5961,Mail Order,,1
5962,Direct Marketing -- Travel Related Arrangement Services,,1
5963,Direct Selling Establishments/Door to Door Sales?,,1
5964,Catalog Merchant,,1
5965,Combined Catalog and Retail Merchant,,1
5966,Outbound Telemarketing Merchant,,1
5967,Direct Marketing -- Inbound Telemarketing Merchants,,1
5968,Continuity/Subscription Merchants,,1
5969,Direct Marketing/Direct Marketers--Not Elsewhere Classified,,1
5970,Artist Supply and Craft Stores,,1
5971,Art Dealers and Galleries,,1
5972,Stamp and Coin Stores,,1
5973,Religious Goods Stores,,1
5975,"Hearing Aids--Sales, Service, and Supplies",,1
5976,Orthopedic Goods and Prosthetic Devices,,1
5977,Cosmetic Stores,,1
5978,"Typewriter Stores--Sales, Service, and Rentals",,1
5983,"Fuel Dealers--Fuel Oil, Wood, Coal, and Liquefied Petroleum",,1
5992,Florists,,1
5993,Cigar Stores & Stands,,1
5994,News Dealers & Newsstands,,1
5995,"Pet Shops, Pet Food, and Supplies",,1
5996,"Swimming Pools--Sales, Supplies, and Services",,1
5997,Electric Razor Stores Sales & Services,,1
5998,Tent and Awning Stores,,1
5999,Miscellaneous & Specialty Retail Stores,,1
6010,Financial Institutions--Manual Cash Disbursements?,,
6011,Financial Institutions--Automated Cash Disbursements?,,
6012,Quasi Cash - Financial Institution - Merchandise and Services,,
6050,Quasi Cash - Member Financial Institution,,
6051,MasterCard - Quasi Cash-Merchant,,1
6211,Securities - Brokers and Dealers,,1
6300,Insurance Sales and Underwriting,1,1
6381,Insurance - Premiums,1,1
6399,Insurance - Not Elsewhere Classified,,1
6513,Real Estate Agents and Managers - Rentals; Property Management,,1
6529,Remote Stored Value Load - Member Financial Institution,,
6530,Remote Stored Value Load - Merchant,,1
6531,Payment Service Provider,,
6532,Payment Transaction - Member,,
6533,Payment Transaction - Merchant,,
6534,Money Transfer - Member Financial Institution,,
6535,Value Purchase - Member Financial Institution,,
6536,MoneySend Intracountry,,1
6537,MoneySend Intercountry,,1
6538,MoneySend Funding ,,1
6540,POI Funding Transactions (Excluding MoneySend),,1
7011,"Lodging - Hotels, Motels, and Resorts",,1
7012,Timeshares,,1
7032,Sporting and Recreational Camps?,,1
7033,Trailer Parks and Campgrounds,,1
7210,"Laundry, Cleaning, and Garment Services",,1
7211,Laundry Services - Family and Commercial,,1
7216,Dry Cleaners,,1
7217,Carpet and Upholstery Cleaning,,1
7221,Photographic Studios,,1
7230,Beauty and Barber Shops,,1
7251,"Shoe Repair Shops, Shoe Shine Parlors, and Hat Cleaning Shops",,1
7261,Funeral Services and Crematories,,1
7273,Dating Services,,1
7276,Tax Preparation Services,,
7277,"Counseling Services - Debt, Marriage, and Personal",,1
7278,Buying and Shopping Services and Clubs,,1
7296,"Clothing Rental - Costumes, Uniforms and Formal Wear?",,1
7297,Massage Parlors,,1
7298,Health and Beauty Spas,,1
7299,Miscellaneous Personal Services - Not Elsewhere Classified,,1
7311,Advertising Services,,1
7321,Consumer Credit Reporting Agencies,,1
7332,Blueprinting and Photocopying Services,,1
7333,"Commercial Photography, Art, and Graphics",,1
7338,"Quick Copy, Reproduction Service",,1
7339,Stenographic Service,,1
7342,Exterminating and Disinfecting Services,,1
7349,"Cleaning, Maintenance & Janitorial Services",,1
7361,Employment Agencies and Temporary Help Services,,1
7372,"Computer Programming, Data Processing, and Integrated Systems Design Services",,1
7375,Information Retrieval Services (Business to Business MCC)?,,1
7379,"Computer Maintenance, Repair and Services (Business to Business MCC)",,1
7392,"Management, Consulting, and Public Relations Services",,1
7393,"Detective Agencies, Protective Agencies, and Security Services, including Armored Cars and Guard Dogs",,1
7394,"Equipment, Tool, Furniture, and Appliance Rental and Leasing?",,1
7395,Photofinishing Laboratories and Photo Developing,,1
7399,Business Services,,1
7511,Truck Stops,,1
7512,Automobile Rental Agency,,1
7513,Truck and Utility Trailer Rentals,,1
7519,Motor Home and Recreational Vehicle Rentals,,1
7523,Parking Lots and Garages,,1
7524,Express Payment Service Mechants - Parking Lots and Garages,,
7531,Automotive Top & Body Shops,,1
7534,Tire Retreading & Repair,,1
7535,Automotive Paint Shops,,1
7538,Automotive Service Shops (Non-Dealer),,1
7542,Car Washes,,1
7549,Towing Services,,1
7622,Electronic Repair Shops,,1
7623,Air Conditioning and Refrigeration Repair Shops?,,1
7629,Electrical and Small Appliance Repair Shops?,,1
7631,"Watch, Clock, and Jewelry Repair Shops",,1
7641,"Furniture - Reupholster, Repair, and Refinishing",,1
7692,Welding Services,,1
7699,Miscellaneous Repair Shops and Related Services,,1
7778,Citishare Cash Advance,,1
7800,Government-Owned Lotteries  ,,1
7801,Government-Licensed Casinos (Online Gambling)  ,,1
7802,Government-Licensed Horse/Dog Racing  ,,1
7829,Motion Picture & Video Tape Production and Distribution (Business to Business MCC),,1
7832,Motion Picture Theater,,1
7841,DVD/Video Tape Rental Stores,,1
7911,"Dance Halls, Studios & Schools",,1
7922,Theatrical Producers (except Motion Pictures) and Ticket Agencies,,1
7929,"Bands, Orchestras & Misc Entertainment",,1
7932,Billiards & Pool Establishments,,1
7933,Bowling Alleys,,1
7941,"Commercial Sports, Professional Sports Clubs, Athletic Fields, and Sports Promoters",,1
7991,Tourist Attractions and Exhibits,,1
7992,Public Golf Courses,,1
7993,Video Amusement Game Supply,,1
7994,Video Game Arcades and Establishments,,1
7995,"Betting, including Lottery Tickets, Casino Gaming Chips, Off- Track Betting, and Wagers at Race Track",,1
7996,"Amusement Parks, Circuses, Carnivals, and Fortune Tellers?",,1
7997,"Membership Clubs (Sports, Recreation, Athletic), Country Clubs, and Private Golf Courses",,1
7998,"Aquarium, Seaquarium, Dolphinariums",,1
7999,Recreation Services - Not Elsewhere Classified,,1
8011,Doctors and Physicians - Not Elsewhere Classified?,,1
8021,Dentists and Orthodontists,,1
8031,Osteopathic Physicians,,1
8041,Chiropractors,,1
8042,Optometrists and Ophthalmologists,,1
8043,"Opticians, Optical Goods and Eyeglasses",,1
8049,Podiatrists and Chiropodists,,1
8050,Nursing and Personal Care Facilities,,1
8062,Hospitals,,1
8071,Medical and Dental Laboratories,,1
8099,Medical Services Health Practitioners - No Elsewhere Classified,,1
8111,Legal Services and Attorneys,,1
8211,Elementary and Secondary Schools,,1
8220,"Colleges, Universities, Professional Schools, and Junior Colleges",,1
8241,Correspondence Schools,,1
8244,Business and Secretarial Schools,,1
8249,Trade and Vocational Schools,,1
8299,Schools and Educational Services - Not Elsewhere Classified,,1
8351,Child Care Services,,1
8398,Charitable and Social Service Organizations,,1
8641,"Civic, Social, and Fraternal Associations",,1
8651,Political Organizations,,1
8661,Religious Organizations,,1
8675,Automobile Associations,,1
8699,Membership Organizations - Not Elsewhere Classified,,1
8734,Testing Laboratories (Not Medical) - (Business to Business MCC),,1
8911,"Architectural, Engineering, and Surveying Services",,1
8931,"Accounting, Auditing, and Bookkeeping Services?",,1
8999,Professional Services - Not Elsewhere Classified,,1
9211,"Court Costs, including Alimony and Child Support",,1
9222,Fines,,1
9223,Bail & Bond Payments,,
9311,Tax Payments,,
9399,Government Services - Not Elsewhere Classified?,,1
9401,i-Purchasing,,1
9402,Postal Services,,1
9405,U.S. Fed Government Agencies,,1
9700,Automated Referral Service,,1
9701,Visa Credential Server,,1
9702,GCAS Emergency Services,,1
9751,"U.K. Supermarkets, Electronic Hot File",,1
9752,"U.K. Petrol Stations, Electronic Hot File",,1
9753,Consumer Electronics/Furniture Store,,1
9754,"Quasi Cash - Gambling-Horse Racing, Dog Racing, State Lotteries",,1
9950,Intra-Company Purchases,,1
